link,fileName,title,description,category
https://video.vnexpress.net/thoi-su/dac-cong-nguoi-nhai-tim-su-30-gan-hon-me-3421674.html,Đặc công người nhái tìm Su-30 gần hòn Mê.mp3,Đặc công người nhái tìm Su-30 gần hòn Mê,"Sau khi tàu cá QNG-97201TS thông báo phát hiện vật thể lạ trôi ở phía bắc đảo Mê (Thanh Hóa) tại toạ độ 19o31 vĩ Bắc - 105o51 kinh Đông, Biên phòng tỉnh này đã đi tìm dấu vết. Chiến dịch tìm kiếm phi công Trần Quang Khải và máy bay Su-30 đã sang ngày thứ tư với phạm vi rà soát từ biển Hải Phòng đến Hà Tĩnh, nhưng chưa có kết quả.",Thời sự
https://video.vnexpress.net/cdv-dot-lua-khuay-dong-khong-khi-tran-viet-nam-indonesia-4828114.html,CĐV đốt lửa khuấy động không khí trận Việt Nam - Indonesia.mp3,CĐV đốt lửa khuấy động không khí trận Việt Nam - Indonesia,"Hàng chục nghìn CĐV đổ về sân Việt Trì, mang theo cờ, chiêng trống... đốt lửa khuấy động không khí, cổ vũ đội tuyển gặp Indonesia, vòng bảng ASEAN Cup 2024.",Thời sự
https://video.vnexpress.net/7-tiem-kich-luyen-tap-trinh-dien-tren-bau-troi-ha-noi-4820600.html,7 tiêm kích luyện tập trình diễn trên bầu trời Hà Nội.mp3,7 tiêm kích luyện tập trình diễn trên bầu trời Hà Nội,"7 tiêm kích Su-30MK2 cùng nhiều trực thăng Mi luyện bay trình diễn trên bầu trời Hà Nội, chuẩn bị cho Triển lãm Quốc phòng quốc tế Việt Nam 2024 vào tháng 12.",Thời sự
https://video.vnexpress.net/nu-dac-cong-trinh-dien-tay-khong-ha-doi-thu-co-hung-khi-4828839.html,Nữ đặc công trình diễn tay không hạ đối thủ có hung khí.mp3,Nữ đặc công trình diễn tay không hạ đối thủ có hung khí,"Các nữ đặc công trình diễn nhiều tiết mục đối luyện tay không hạ nhóm người mang hung khí, tại buổi tổng duyệt Khai mạc Triển lãm Quốc phòng quốc tế",Thời sự
https://video.vnexpress.net/nguoi-ha-noi-tam-song-hong-bat-chap-thoi-tiet-lanh-4828706.html#vn_source=Folder_Video&vn_campaign=Box-VideoNoiBat&vn_medium=Item-6&vn_term=Desktop&vn_thumb=1&vn_aid=1003834,Người Hà Nội tắm sông Hồng bất chấp thời tiết lạnh.mp3,Người Hà Nội tắm sông Hồng bất chấp thời tiết lạnh,"Hàng chục người có mặt tại ven bờ sông Hồng từ sáng sớm, tập thể dục, bơi lội bất chấp thời tiết lạnh dưới 13 độ C, thậm chí có ngày 7 độ C.",Nhịp sống
https://video.vnexpress.net/tin-tuc/nhip-song/nhung-meo-vat-tu-muoi-4520550.html,Những mẹo vặt từ muối.mp3,Những mẹo vặt từ muối,"Không chỉ là một loại gia vị, muối còn có những công dụng khác giúp ích cho cuộc sống hàng ngày.",Nhịp sống
https://video.vnexpress.net/tin-tuc/nhip-song/4-meo-lam-sach-bon-rua-chen-4486694.html#vn_source=Detail_Video&vn_campaign=Box-Topic&vn_medium=Item-2&vn_term=Desktop&vn_thumb=1&vn_aid=4520550,4 mẹo làm sạch bồn rửa chén.mp3,4 mẹo làm sạch bồn rửa chén,"Tương cà, giấm, baking soda, bột mì là những nguyên liệu đơn giản, có thể đánh bay các vết bẩn bám trên bồn rửa chén.",Nhịp sống
https://video.vnexpress.net/dan-doi-hang-nghin-con-tru-ngu-tai-chua-ven-song-hau-4825569.html#vn_source=Folder_Video&vn_campaign=Box-CuocSongMuonLoai&vn_medium=Item-1&vn_term=Desktop&vn_thumb=1&vn_aid=1003834,Đàn dơi hàng nghìn con trú ngụ tại chùa ven sông Hậu.mp3,Đàn dơi hàng nghìn con trú ngụ tại chùa ven sông Hậu,"Hàng nghìn dơi quạ bay về chùa Hưng Long ở cù lao sông Hậu từ tháng 7 đến 12 âm lịch để trú ngụ trên các cây dầu, sao, sau đó lại bay đi.",Nhịp sống
https://video.vnexpress.net/tin-tuc/food/cach-lam-banh-cam-deo-4373558.html,Cách làm bánh cam dẻo.mp3,Cách làm bánh cam dẻo,"Ngoài việc làm nước ép, bạn có thể biến tấu quả cam để làm món bánh ăn vặt thơm ngon tại nhà.",Đồ ăn
https://video.vnexpress.net/gia-dinh-goi-gan-nghin-banh-u-banh-tet-moi-ngay-4751165.html,"Gia đình gói gần nghìn bánh ú, bánh tét mỗi ngày.mp3","Gia đình gói gần nghìn bánh ú, bánh tét mỗi ngày","Gia đình ông Đặng Văn Quân ở quận 4 làm nghề gói bánh ú, bánh tét hơn 40 năm qua, mỗi ngày làm từ 700 đến hơn 1.000 cái.",Đồ ăn
https://video.vnexpress.net/banh-dap-hut-khach-o-quang-ngai-4731098.html,Bánh đập hút khách ở Quảng Ngãi.mp3,Bánh đập hút khách ở Quảng Ngãi,"Đây là món ăn truyền thống ở Quảng Ngãi, kết hợp giữa bánh tráng nướng và bánh ướt mới ra lò, bên trên phủ hẹ và hành phi ăn kèm cùng mắm nêm, thu hút nhiều người thưởng thức",Đồ ăn
https://video.vnexpress.net/chang-trai-ban-500-ly-tra-trai-cay-moi-ngay-4703610.html#vn_source=Detail_Video&vn_campaign=Box-InCategory&vn_medium=Item-14&vn_term=Desktop&vn_thumb=1&vn_aid=4731098,Chàng trai bán 500 ly trà trái cây mỗi ngày.mp3,Chàng trai bán 500 ly trà trái cây mỗi ngày,"Thời gian đầu khởi nghiệp, Trần Kiệt, 26 tuổi, liên tục đổ bỏ trái cây vì không có khách, đến nay mỗi tháng cửa hàng trà của anh tiêu thụ khoảng một tấn nguyên liệu.",Đồ ăn
https://video.vnexpress.net/phap-luat?_gl=1*zhzi2a*_gcl_au*MTIwNzc3NTI0Ny4xNzM0NjgyMjE4,Nghi phạm đốt quán hát khai mâu thuẫn từ tiền thuốc lá và lon bia.mp3,Nghi phạm đốt quán hát khai mâu thuẫn từ tiền thuốc lá và lon bia,"Cao Văn Hùng, 51 tuổi, khai quên mang ví để trả 50.000 đồng tiền thuốc lá và lon bia nên xảy ra xô xát với người ở quán hát, sau đó đi mua xăng gây án làm 11 người chết.",Pháp luật
https://video.vnexpress.net/canh-sat-no-sung-vay-bat-29-nguoi-da-ga-4828902.html,Cảnh sát nổ súng vây bắt 29 người đá gà.mp3,Cảnh sát nổ súng vây bắt 29 người đá gà,"Phát hiện nhóm người tụ tập đá gà ăn tiền tại bãi đất trống thuộc xã Bà Điểm, huyện Hóc Môn, công an nổ súng chỉ thiên, vây bắt 29 người.",Pháp luật
https://video.vnexpress.net/thanh-nien-boc-dau-xe-tren-cau-mong-sen-4829241.html,Thanh niên bốc đầu xe trên cầu Móng Sến.mp3,Thanh niên bốc đầu xe trên cầu Móng Sến,"Vàng Seo C, 23 tuổi ở huyện Bảo Thắng điều khiển chiếc BMW 1000cc, bốc đầu đi một bánh trên cầu Móng Sến, thị xã Sa Pa, sau đó đăng clip lên TikTok",Pháp luật
https://video.vnexpress.net/camera-ghi-canh-ten-cuop-tiem-vang-trong-5-giay-4827883.html,Camera ghi cảnh tên cướp tiệm vàng trong 5 giây.mp3,Camera ghi cảnh tên cướp tiệm vàng trong 5 giây,"Thành Nhân, 18 tuổi, cùng đồng bọn đến tiệm kim hoàn ở quốc lộ 1, TP Mỹ Tho, dùng búa đập vỡ kính cướp 8 dây chuyền vàng trong 5 giây rồi tẩu thoát.",Pháp luật
https://video.vnexpress.net/bao-thy-vui-thu-trong-trot-4801930.html,Bảo Thy vui thú trồng trọt.mp3,Bảo Thy vui thú trồng trọt,"Ca sĩ Bảo Thy tận dụng khoảng sân nhỏ quanh biệt thự 400 m2 của cô ở quận 7, TP HCM, để trồng rau, cây ăn trái.",Giải trí
https://video.vnexpress.net/hang-chuc-nghin-khan-gia-do-ve-san-my-dinh-xem-anh-trai-say-hi-4825789.html,Hàng chục nghìn khán giả đổ về sân Mỹ Đình xem 'Anh trai say hi'.mp3,Hàng chục nghìn khán giả đổ về sân Mỹ Đình xem 'Anh trai say hi',"Lượng lớn khán giả trẻ đổ về SVĐ Mỹ Đình xem đêm concert thứ hai ""Anh trai say hi"" trước giờ chương trình bắt đầu khiến nhiều tuyến đường bị ùn tắc.",Giải trí
https://video.vnexpress.net/trai-nghiem-xem-phim-ngoai-troi-ben-bo-song-sai-gon-4731672.html,Trải nghiệm xem phim ngoài trời bên bờ sông Sài Gòn.mp3,Trải nghiệm xem phim ngoài trời bên bờ sông Sài Gòn,"Nhiều người đổ về công viên bờ sông Sài Gòn phía Thủ Thiêm xem phim ngoài trời, hoạt động thuộc LHP quốc tế TP HCM, từ ngày 7 đến 12/4.",Giải trí
https://video.vnexpress.net/kaity-nguyen-dong-nguoi-vo-ngoai-tinh-4645525.html,Kaity Nguyễn đóng người vợ ngoại tình.mp3,Kaity Nguyễn đóng người vợ ngoại tình,"Kaity Nguyễn, 24 tuổi, đóng người vợ lẽ có mối tình vụng trộm khi làm dâu nhà quan trong phim cổ trang của Victor Vũ.",Giải trí
https://video.vnexpress.net/uav-lancet-tap-kich-phao-hang-trieu-usd-cua-ukraine-4827503.html,UAV Lancet tập kích pháo hàng triệu USD của Ukraine.mp3,UAV Lancet tập kích pháo hàng triệu USD của Ukraine,"Nga công bố video UAV Lancet tập kích pháo tự hành Bogdana và PzH 2000 của Ukraine, nhiều khả năng đã vô hiệu hóa cả hai tổ hợp.",Thế giới
https://video.vnexpress.net/khoanh-khac-ten-lua-nga-tap-kich-lien-tiep-3-xe-phong-himars-4821662.html,Khoảnh khắc tên lửa Nga 'tập kích liên tiếp 3 xe phóng HIMARS'.mp3,Khoảnh khắc tên lửa Nga 'tập kích liên tiếp 3 xe phóng HIMARS',Bộ Quốc phòng Nga công bố video các quả đạn Iskander-M tấn công vị trí tập kết loạt pháo phản lực HIMARS và bệ phóng tên lửa đạn đạo Ukraine.,Thế giới
https://video.vnexpress.net/ong-trump-chien-su-nga-ukraine-phai-cham-dut-4816585.html,Ông Trump- Chiến sự Nga - Ukraine phải chấm dứt.mp3,Ông Trump: Chiến sự Nga - Ukraine phải chấm dứt,"Ông Donald Trump nhấn mạnh thông điệp cuộc chiến giữa Nga và Ukraine phải dừng lại, chấm dứt những giết chóc ""dù là quân nhân hay dân thường""",Thế giới
https://video.vnexpress.net/ong-biden-de-cao-quan-he-viet-my-trong-phat-bieu-chia-tay-lhq-4796891.html,Ông Biden đề cao quan hệ Việt - Mỹ trong phát biểu chia tay LHQ.mp3,Ông Biden đề cao quan hệ Việt - Mỹ trong phát biểu chia tay LHQ,"Tổng thống Biden khẳng định việc Mỹ và Việt Nam là ""đối tác, bạn bè"" minh chứng cho khả năng hòa giải để tiến về phía trước, trong bài phát biểu cuối cùng ở Đại hội đồng LHQ.",Thế giới
https://video.vnexpress.net/thap-dien-mat-troi-lon-nhat-trung-quoc-ket-noi-luoi-dien-4822602.html,Tháp điện mặt trời lớn nhất Trung Quốc kết nối lưới điện.mp3,Tháp điện mặt trời lớn nhất Trung Quốc kết nối lưới điện,Trang trại mặt trời Năng lượng mới Aksai Huidong ở Cam Túc sẽ bao gồm 110 MW nhiệt điện mặt trời và 640 MW quang điện.,Khoa học
https://video.vnexpress.net/du-an-dien-gio-cao-nhat-the-gioi-4799585.html,Dự án điện gió cao nhất thế giới.mp3,Dự án điện gió cao nhất thế giới,"Dự án điện gió Datang Basu có turbine cao nhất nằm ở độ cao 5.200 m, có công suất hàng năm là 223 triệu kWh, đủ để cung cấp cho 5.700 hộ gia đình.",Khoa học
https://video.vnexpress.net/mut-xop-giup-hut-vang-tu-rac-dien-tu-4723432.html,Mút xốp giúp hút vàng từ rác điện tử.mp3,Mút xốp giúp hút vàng từ rác điện tử,"Các nhà khoa học chế tạo loại mút xốp mới, giúp thu hồi 450 milligram vàng 22K từ 20 bo mạch chủ máy tính cũ",Khoa học
https://video.vnexpress.net/robot-cho-leo-bac-thang-de-don-rac-tren-nui-4807780.html,Robot chó leo bậc thang để dọn rác trên núi.mp3,Robot chó leo bậc thang để dọn rác trên núi,"Trong thử nghiệm, robot chó của công ty Unitree Robotics có thể leo dốc 45 độ, thay người dọn rác tại thắng cảnh núi Thái Sơn.",Khoa học
https://video.vnexpress.net/nguyen-xuan-son-an-don-khi-hoi-quan-tuyen-viet-nam-4824508.html,Nguyễn Xuân Son 'ăn đòn' khi hội quân tuyển Việt Nam.mp3,Nguyễn Xuân Son 'ăn đòn' khi hội quân tuyển Việt Nam,"Các đồng đội chào đón tiền đạo nhập tịch Nguyễn Xuân Son cùng Nguyễn Văn Toàn, Nguyễn Văn Vĩ theo cách đặc biệt, tối 5/12.",Thể thao
https://video.vnexpress.net/tre-em-tap-luyen-nhieu-tuan-chuan-bi-cho-kun-marathon-ha-long-4795255.html,Trẻ em tập luyện nhiều tuần chuẩn bị cho Kun Marathon Hạ Long.mp3,Trẻ em tập luyện nhiều tuần chuẩn bị cho Kun Marathon Hạ Long,"Các runner nhí chia sẻ tập chạy mỗi ngày, tích luỹ thể lực, háo hức chờ đến ngày đua Kun Marathon Hạ Long 21/9",Thể thao
https://video.vnexpress.net/90-phut-vo-oa-niem-vui-cua-cdv-viet-nam-4828190.html#vn_source=Detail_Video&vn_campaign=Box-InCategory&vn_medium=Item-6&vn_term=Desktop&vn_thumb=1&vn_aid=4795255,90 phút vỡ òa niềm vui của CĐV Việt Nam.mp3,90 phút vỡ òa niềm vui của CĐV Việt Nam,"CĐV nhảy múa, đốt lửa ăn mừng sau bàn thắng của Quang Hải, giúp Việt Nam đánh bại Indonesi tại vòng loại ASEAN Cup, tối 15/12 trên sân Việt Trì.",Thể thao
https://video.vnexpress.net/hang-nghin-runner-xep-hang-nhan-bib-vm-hai-phong-giua-troi-lanh-4827624.html#vn_source=Detail_Video&vn_campaign=Box-InCategory&vn_medium=Item-15&vn_term=Desktop&vn_thumb=1&vn_aid=4828190,Hàng nghìn runner xếp hàng nhận bib VM Hải Phòng giữa trời lạnh,Hàng nghìn runner xếp hàng nhận bib VM Hải Phòng giữa trời lạnh,"Từ chiều 13/12, Hải Phòng đón runner từ nhiều tỉnh thành đổ về để nhận Bib và trải nghiệm các hoạt động hấp dẫn trong cái lạnh 16 độ.",Thể thao
https://video.vnexpress.net/phat-am-ngay-thong-nhat-dat-nuoc-bang-tieng-anh-4599953.html,Phát âm 'ngày thống nhất đất nước' bằng tiếng Anh.mp3,Phát âm 'ngày thống nhất đất nước' bằng tiếng Anh,"Thầy Quang Nguyen, chuyên gia đào tạo nghe nói và phát âm tiếng Anh, hướng dẫn cách nói ""30 tháng 4 là ngày thống nhất đất nước"" bằng tiếng Anh",Giáo dục
https://video.vnexpress.net/thay-giao-my-thuat-ve-hai-tay-cung-luc-4351599.html,Thầy giáo Mỹ thuật vẽ hai tay cùng lúc.mp3,Thầy giáo Mỹ thuật vẽ hai tay cùng lúc,"Thầy Derek Elwell, giáo viên Mỹ thuật tại bang Tennessee, khiến học trò trầm trồ khi sử dụng hai cây bút để hoàn thành bức chân dung.",Giáo dục
https://video.vnexpress.net/thi-sinh-danh-gia-mon-hoa-sat-voi-de-tham-khao-4306379.html,Thí sinh đánh giá môn Hóa sát với đề tham khảo.mp3,Thí sinh đánh giá môn Hóa sát với đề tham khảo,"Khi đọc đề Hóa sáng 8/7, nhiều thí sinh thấy quen thuộc vì sát với đề tham khảo của Bộ Giáo dục và Đào tạo, đánh giá dễ lấy 7-8 điểm.",Giáo dục
https://video.vnexpress.net/nam-sinh-cao-nhat-the-gioi-4197080.html,Nam sinh cao nhất thế giới.mp3,Nam sinh cao nhất thế giới,"Ren Keyu, 14 tuổi, là thiếu niên cao nhất thế giới. Chiều cao 221,03 cm đem đến cho em nhiều niềm vui và cả rắc rối.",Giáo dục
https://video.vnexpress.net/khoanh-khac-oto-dam-dai-phan-cach-tren-vanh-dai-2-4813438.html,Khoảnh khắc ôtô đâm dải phân cách trên Vành đai 2.mp3,Khoảnh khắc ôtô đâm dải phân cách trên Vành đai 2,"Khoảng 14h40, ôtô 5 chỗ di chuyển từ cầu Vĩnh Tuy đi Ngã Tư Sở, bất ngờ lao vào dải phân cách trên Vành đai 2 khiến tài xế mắc kẹt bên trong, chiều 7/11",Xe
https://video.vnexpress.net/bi-mat-tren-tam-chan-nang-oto-nhieu-tai-xe-chua-biet-4712362.html,Bí mật' trên tấm chắn nắng ôtô nhiều tài xế chưa biết.mp3,Bí mật' trên tấm chắn nắng ôtô nhiều tài xế chưa biết,"Tấm chắn nắng có thể kéo dài để che khoảng hở trên kính, và được tích hợp khe đựng giấy tờ, thẻ để tăng sự tiện lợi cho chủ xe.",Xe
https://video.vnexpress.net/nguoi-di-xe-may-bi-tong-vang-vi-sang-duong-thieu-quan-sat-4670767.html,Người đi xe máy bị tông văng vì sang đường thiếu quan sát.mp3,Người đi xe máy bị tông văng vì sang đường thiếu quan sát,"Người phụ nữ mặc áo mưa, đi xe máy sang đường bị một xe khác đi ngược chiều tông trúng, trên tỉnh lộ 183, đoạn qua xã Vĩ Thượng.",Xe
https://video.vnexpress.net/cac-cach-giam-choi-khi-lai-xe-troi-nang-4583955.html,Các cách giảm chói khi lái xe trời nắng.mp3,Các cách giảm chói khi lái xe trời nắng,"Ngoài việc sử dụng kính râm hay dán phim cách nhiệt, chủ xe có thể dùng thêm các loại dung dịch lau táp-lô làm hạn chế hắt sáng lên kính.",Xe
https://video.vnexpress.net/5-meo-chon-va-dung-dieu-hoa-giup-giam-hoa-don-tien-dien-4760378.html#vn_source=Folder_Video_SoHoa&vn_campaign=Box-InCategory&vn_medium=Item-16&vn_term=Desktop&vn_thumb=1&vn_aid=1004228,5 mẹo chọn và dùng điều hòa giúp giảm hóa đơn tiền điện.mp3,5 mẹo chọn và dùng điều hòa giúp giảm hóa đơn tiền điện,"Sử dụng kết hợp quạt gió, để mức cài đặt nhiệt độ không quá thấp hay chọn công suất phù hợp sẽ giảm đáng kể chi phí điện năng điều hòa",Số hóa
https://video.vnexpress.net/tim-cook-toi-hao-hung-den-viet-nam-4734494.html,Tim Cook- 'Tôi hào hứng đến Việt Nam'.mp3,Tim Cook: 'Tôi hào hứng đến Việt Nam',"CEO Apple Tim Cook nói chào Việt Nam, thể hiện sự hứng khởi khi đi bộ bên bờ Hồ, bắt đầu những hoạt động chính thức trong chuyến thăm đầu tiên, sáng 15/4.",Số hóa
https://video.vnexpress.net/startup-trung-quoc-ra-ai-thach-thuc-sora-4740544.html,AI tạo video của Trung Quốc thách thức Sora.mp3,AI tạo video của Trung Quốc thách thức Sora,"Công ty Shengshu Technology và Đại học Thanh Hoa cùng phát triển AI Vidu chuyên tạo video từ văn bản, nhằm cạnh tranh với Sora của OpenAI.",Số hóa
https://video.vnexpress.net/mu-bao-hiem-kiem-loc-khong-khi-4506711.html,Mũ bảo hiểm kiêm lọc không khí.mp3,Mũ bảo hiểm kiêm lọc không khí,"Mũ bảo hiểm của Shellios Technolabs được khẳng định có thể lọc không khí, giúp người lái xe máy tận hưởng khí sạch khi đang di chuyển trên đường.",Số hóa
https://video.vnexpress.net/1-100-drone-ve-anh-sang-tren-troi-dem-tp-hcm-4756271.html,1.100 drone 'vẽ' ánh sáng trên trời đêm TP HCM.mp3,1.100 drone 'vẽ' ánh sáng trên trời đêm TP HCM,"Nhiều người dân đổ về khu vực công viên bến Bạch Đằng, quận 1, chiêm ngưỡng màn trình diễn 1.100 drone trong sự kiện bế mạc Lễ hội sông nước TP HCM 2024.",Du lịch
https://video.vnexpress.net/tin-tuc/du-lich/bieu-dien-flyboard-luot-van-tren-song-sai-gon-4638152.html,"Biểu diễn flyboard, lướt ván trên sông Sài Gòn.mp3","Biểu diễn flyboard, lướt ván trên sông Sài Gòn","Đua thuyền, lướt ván phản lực, diễu hành thuyền buồm, flyboard... là những hoạt động thể thao sôi nổi diễn ra trong lễ hội lần đầu tiên trên sông Sài Gòn.",Du lịch
https://video.vnexpress.net/tin-tuc/du-lich/khach-tay-bat-ngo-voi-khong-khi-giang-sinh-o-viet-nam-4552319.html,Khách Tây bất ngờ với không khí Giáng sinh ở Việt Nam.mp3,Khách Tây bất ngờ với không khí Giáng sinh ở Việt Nam,Du khách nước ngoài thấy không khí Giáng sinh tại Việt Nam nhộn nhịp và nhiều hoạt động vui chơi hơn các nước phương Tây.,Du lịch
https://video.vnexpress.net/sau-rieng-gia-8-trieu-dong-mot-kg-4473752.html,Sầu riêng giá 8 triệu đồng một kg.mp3,Sầu riêng giá 8 triệu đồng một kg,"Một cửa hàng trái cây bán sầu riêng đầu mùa giá mỗi kg 12.000 baht, gần 8 triệu đồng, gấp 80 lần loại bình thường.",Du lịch
https://video.vnexpress.net/nhung-loai-cay-giup-xua-muoi-duoi-chuot-3958216.html,Những loại cây giúp xua muỗi đuổi chuột.mp3,Những loại cây giúp xua muỗi đuổi chuột,"Húng lủi, hương thảo, cúc vạn thọ chứa nhiều tinh dầu và có mùi hương đặc trưng khiến chuột, muỗi, kiến... sợ nên tránh xa.",Sức khỏe
https://video.vnexpress.net/10-bien-the-hit-dat-thu-thach-phai-manh-3957274.html,10 biến thể hít đất thử thách phái mạnh.mp3,10 biến thể hít đất thử thách phái mạnh,"Thay vì hít đất theo kiểu truyền thống, bạn biến tấu thành chống đẩy kiểu kim cương, nâng mông, chống đầu... tác động lên các nhóm cơ.",Sức khỏe
https://video.vnexpress.net/ky-thuat-tha-noi-co-the-tren-mat-nuoc-3954365.html,Kỹ thuật thả nổi cơ thể trên mặt nước.mp3,Kỹ thuật thả nổi cơ thể trên mặt nước,"Theo huấn luyện viên bơi lội Văn Thông, để nổi trên mặt nước, bạn cần thả lỏng toàn bộ cơ thể, càng gồng sẽ càng mau chìm",Sức khỏe
https://video.vnexpress.net/ky-thuat-tho-truoc-khi-xuat-phat-o-duong-chay-marathon-3932987.html,Kỹ thuật thở trước khi xuất phát ở đường chạy marathon.mp3,Kỹ thuật thở trước khi xuất phát ở đường chạy marathon,"Trong lúc chờ xuất phát, bạn thở kiểu hình vuông hít vào 4 giây, giữ 4 giây, thở ra trong 4 giây, nghỉ 4 giây để cân bằng nhịp tim và nhịp thở.",Sức khỏe
https://video.vnexpress.net/dong-nghit-nguoi-don-giang-sinh-o-tp-hcm-ha-noi-4831663.html,"Đông nghịt người đón Giáng sinh ở TP HCM, Hà Nội.mp3","Đông nghịt người đón Giáng sinh ở TP HCM, Hà Nội","Người dân đổ về nhà thờ, xóm đạo, các khu phố trung tâm ở TP HCM và Hà Nội để vui chơi và đón Chúa Giáng sinh khiến nhiều tuyến phố ùn tắc kéo dài, tối 24/12.",Thời sự
https://video.vnexpress.net/dung-rao-chan-bat-thanh-thieu-nien-chay-xe-toc-do-cao-4831867.html#vn_source=Folder_Video_ThoiSu&vn_campaign=Box-InCategory&vn_medium=Item-2&vn_term=Desktop&vn_thumb=1&vn_aid=1003004,Dựng rào chặn bắt thanh thiếu niên chạy xe tốc độ cao.mp3,Dựng rào chặn bắt thanh thiếu niên chạy xe tốc độ cao,"Tổ công tác Y30-141H huyện Chương Mỹ dựng rào chắn trên mặt đường QL6, đoạn qua thị trấn Chúc Sơn, xử phạt hàng chục thanh thiếu niên chạy xe tốc độ cao, đánh võng, rạng sáng 25/12.",Thời sự
https://video.vnexpress.net/kho-chua-lop-xe-chay-ngun-ngut-trong-dem-4829886.html,Kho chứa lốp xe cháy ngùn ngụt trong đêm.mp3,Kho chứa lốp xe cháy ngùn ngụt trong đêm,"Khuya 19/12, kho chứa lốp xe rộng khoảng 200 m2 trên đường Nguyễn Cảnh Dị, quận Hoàng Mai bốc cháy, nhiều người ngủ ở lán trại bên cạnh kịp chạy thoát.",Thời sự
https://video.vnexpress.net/hang-tram-nguoi-dien-tap-ung-pho-hoa-chat-doc-tran-ra-moi-truong-4832298.html,Hàng trăm người diễn tập ứng phó hóa chất độc tràn ra môi trường.mp3,Hàng trăm người diễn tập ứng phó hóa chất độc tràn ra môi trường,"Hàng trăm người tham gia diễn tập tình huống giả định xe bồn chở methanol bị ôtô 16 chỗ đâm vào, khiến hóa chất độc tràn ra môi trường, nhiều nạn nhân ngất xỉu.",Thời sự
https://video.vnexpress.net/du-khach-ke-khoanh-khac-thoat-khoi-doan-sat-lo-deo-khanh-le-4828148.html,Du khách kể khoảnh khắc thoát khỏi đoạn sạt lở đèo Khánh Lê.mp3,Du khách kể khoảnh khắc thoát khỏi đoạn sạt lở đèo Khánh Lê,"Xe dừng tại đèo Khánh Lê trên hành trình từ Nha Trang lên Đà Lạt, chị Võ Thị Chung cùng người thân quyết định đi bộ qua khu vực sạt lở, dù chân ai cũng bị nứt, chảy máu.",Thời sự
https://video.vnexpress.net/hop-long-cau-day-vang-dau-tien-tai-nam-dinh-4828391.html#vn_source=Detail_Video&vn_campaign=Box-InCategory&vn_medium=Item-18&vn_term=Desktop&vn_thumb=1&vn_aid=4828148,Hợp long cầu dây văng đầu tiên tại Nam Định.mp3,Hợp long cầu dây văng đầu tiên tại Nam Định,"Dự án cầu dây văng đầu tiên ở Nam Định hợp long sau hơn hai năm thi công, dự kiến tháng 3/2025 đưa vào khai thác, góp phần kết nối phía nam thành phố với trung tâm",Thời sự
https://video.vnexpress.net/trai-nghiem-ngoi-nha-ong-gia-noel-rong-2-000-m2-4831169.html,Trải nghiệm ngôi nhà ông già Noel rộng 2.000 m2.mp3,Trải nghiệm ngôi nhà ông già Noel rộng 2.000 m2,"Nhà ông già Noel rộng 2.000 m2, với nhiều bối cảnh trang trí bắt mắt, thiết kế giống như không gian cổ tích, thu hút đông các gia đình trẻ trải nghiệm.",Nhịp sống
https://video.vnexpress.net/hoa-si-50-nam-ve-tranh-nguoc-trong-chai-4809437.html,Họa sĩ 50 năm vẽ tranh ngược trong chai.mp3,Họa sĩ 50 năm vẽ tranh ngược trong chai,"Từ những chai lọ bỏ đi, ông Võ Tấn Thành, 74 tuổi, tạo nên các bức tranh bên trong, có thể nhìn thấy được cả hai mặt.",Nhịp sống
https://video.vnexpress.net/tai-hien-van-hoa-viet-nam-bang-3d-mapping-4823940.html,Tái hiện văn hóa Việt Nam bằng 3D mapping.mp3,Tái hiện văn hóa Việt Nam bằng 3D mapping,"Đông người dân, du khách theo dõi màn trình diễn ánh sáng nghệ thuật 3D mapping về văn hóa Việt Nam, được tái hiện trên trụ sở UBND TP HCM, tối 4/12.",Nhịp sống
https://video.vnexpress.net/trong-kieu-dem-o-mien-tay-4823217.html,Trồng kiệu đêm ở miền Tây.mp3,Trồng kiệu đêm ở miền Tây,"Thay vì ban ngày, nhiều người trồng kiệu ở huyện Tam Nông làm đất, xuống giống vào ban đêm để tránh nắng.",Nhịp sống
https://video.vnexpress.net/du-khach-do-ve-cao-nguyen-da-ngam-hoa-tam-giac-mach-4822340.html,Du khách đổ về cao nguyên đá ngắm hoa tam giác mạch.mp3,Du khách đổ về cao nguyên đá ngắm hoa tam giác mạch,Hàng trăm nghìn lượt khách đổ đến cao nguyên đá Đồng Văn để chụp ảnh khi hoa tam giác mạch bung nở.,Nhịp sống
https://video.vnexpress.net/30-nam-tao-tac-cay-sanh-phu-kin-mai-nha-4804490.html,30 năm tạo tác cây sanh phủ kín mái nhà.mp3,30 năm tạo tác cây sanh phủ kín mái nhà,"Từ hai cây sanh trồng trước cửa, ông Nguyễn Văn Chung uốn cành, tỉa lá, tạo hình chiếc rèm xanh mướt, bao phủ mái nhà trong suốt 30 năm qua.",Nhịp sống
https://video.vnexpress.net/xe-xoi-ghe-ban-800-phan-moi-ngay-4746102.html,Xe xôi ghẹ bán 800 phần mỗi ngày.mp3,Xe xôi ghẹ bán 800 phần mỗi ngày,"Bỏ nghề tài xế, anh Hồng Phú ở quận 6 tập làm món xôi ghẹ để kinh doanh, đến nay mỗi ngày bán được 700-800 phần, giá từ 45 đến 65 nghìn đồng.",Đồ ăn
https://video.vnexpress.net/co-giao-mam-non-lam-banh-da-thu-tien-ty-moi-nam-4824109.html#vn_source=Detail_Video&vn_campaign=Box-InCategory&vn_medium=Item-1&vn_term=Desktop&vn_thumb=1&vn_aid=4746102,Cô giáo mầm non làm bánh đá thu tiền tỷ mỗi năm.mp3,Cô giáo mầm non làm bánh đá thu tiền tỷ mỗi năm,"Xuất phát từ món ăn ngày Tết của người dân tộc vùng cao, cô giáo mầm non Lý Thị Viễn mở xưởng làm bánh đá bán ra thị trường, thu về 100 triệu đồng mỗi tháng.",Đồ ăn
https://video.vnexpress.net/tin-tuc/food/quan-ca-ri-vit-gan-40-nam-o-bac-lieu-4647760.html,Quán cà ri vịt gần 40 năm ở Bạc Liêu.mp3,Quán cà ri vịt gần 40 năm ở Bạc Liêu,"Kế thừa bí quyết nấu món cà ri vịt từ mẹ chồng, chị Huỳnh Thị Tuyết Hoa mỗi ngày bán khoảng 300 phần, giá từ 50.000 đến 65.000 đồng",Đồ ăn
https://video.vnexpress.net/co-gai-khoi-nghiep-ban-do-an-sang-thu-tien-trieu-moi-ngay-4792643.html#vn_source=Detail_Video&vn_campaign=Box-InCategory&vn_medium=Item-7&vn_term=Desktop&vn_thumb=1&vn_aid=4647760,Cô gái khởi nghiệp bán đồ ăn sáng thu tiền triệu mỗi ngày.mp3,Cô gái khởi nghiệp bán đồ ăn sáng thu tiền triệu mỗi ngày,"Nghỉ việc quản lý tại một công ty đồ ăn, chị Bảo Ngọc, 27 tuổi, quyết định mở quán ăn sáng, mỗi ngày bán 200 phần trong ba giờ.",Đồ ăn
https://video.vnexpress.net/quan-luon-duy-nhat-o-ha-noi-duoc-michelin-goi-y-4821326.html,Quán lươn duy nhất ở Hà Nội được Michelin gợi ý.mp3,Quán lươn duy nhất ở Hà Nội được Michelin gợi ý,"Quán miến lươn của bà Quách Kim Dung ra đời 40 năm trước, thu hút hàng trăm khách ăn mỗi ngày, được Michelin đưa vào danh sách gợi ý quán ngon 2024.",Đồ ăn
https://video.vnexpress.net/tin-tuc/food/quan-ban-300kg-oc-trong-buoi-sang-4058156.html#vn_source=Detail_Video&vn_campaign=Box-Topic&vn_medium=Item-1&vn_term=Desktop&vn_thumb=1&vn_aid=4821326,Quán bán 300kg ốc trong buổi sáng.mp3,Quán bán 300kg ốc trong buổi sáng,"Quán ốc được cô Bùi Thị Kim Tuyền, 50 tuổi, mở bán từ 10h sáng với hơn 30 loại ốc thu hút gần 500 thực khách mỗi ngày.",Đồ ăn
https://video.vnexpress.net/tai-xe-bi-buoc-quet-don-dat-cat-vi-lam-roi-vai-tren-duong-4830766.html#vn_source=Folder_Video_PhapLuat&vn_campaign=Box-InCategory&vn_medium=Item-1&vn_term=Desktop&vn_thumb=1&vn_aid=1003869,Tài xế bị buộc quét dọn đất cát vì làm rơi vãi trên đường.mp3,Tài xế bị buộc quét dọn đất cát vì làm rơi vãi trên đường,"Xe ben chạy trên quốc lộ 51, khi đến trước chợ Ông Trịnh làm rơi đá, cát kéo dài 100 m, công an trích xuất camera buộc tài xế quay lại dọn dẹp.",Pháp luật
https://video.vnexpress.net/giau-vay-te-te-tren-khoang-bi-mat-cua-xe-khach-di-tieu-thu-4830532.html#vn_source=Detail_Video&vn_campaign=Box-InCategory&vn_medium=Item-2&vn_term=Desktop&vn_thumb=1&vn_aid=4830766,Giấu vảy tê tê trên khoang bí mật của xe khách đi tiêu thụ.mp3,Giấu vảy tê tê trên khoang bí mật của xe khách đi tiêu thụ,"Hoàng Văn Niệm cùng ba đồng phạm bị bắt khi vận chuyển trái phép hơn 160 kg vảy tê tê, cất giấu trên khoang bí mật của xe khách, đưa lên các tỉnh biên giới bán.",Pháp luật
https://video.vnexpress.net/tai-xe-ke-khoanh-khac-bi-dap-pha-oto-o-binh-duong-4825265.html,Tài xế kể khoảnh khắc bị đập phá ôtô ở Bình Dương.mp3,Tài xế kể khoảnh khắc bị đập phá ôtô ở Bình Dương,"Đang xi-nhan qua đường trả khách, ôtô của anh Phước va quẹt với xe máy cùng chiều, người đàn ông dùng hung khí đập cửa kính ôtô khiến hành khách mở cửa tháo chạy.",Pháp luật
https://video.vnexpress.net/xit-hoi-cay-nhan-vien-tiem-dien-thoai-cuop-iphone-4824324.html,"Xịt hơi cay nhân viên tiệm điện thoại, cướp iPhone.mp3","Xịt hơi cay nhân viên tiệm điện thoại, cướp iPhone","Nguyễn Văn Quang, 24 tuổi, đến tiệm điện thoại trên đường Hai Bà Trưng vờ mua hàng, sau đó dùng bình hơi cay xịt vào mặt nữ nhân viên, cướp hai iPhone.",Pháp luật
https://video.vnexpress.net/tai-xe-cong-nghe-phi-xe-may-vao-ten-trom-4812055.html,Tài xế công nghệ phi xe máy vào tên trộm.mp3,"Tài xế công nghệ phi xe máy vào tên trộm
","Anh Nguyễn Công Định, 39 tuổi, tài xế Grab, bám theo hai thanh niên khả nghi, khi thấy một tên trộm chiếc Wave liền phi thẳng xe máy ngăn chặn, cùng dân vây bắt.",Pháp luật
https://video.vnexpress.net/cam-kiem-chem-chet-nguoi-trong-quan-nhau-4807804.html,Cầm kiếm chém chết người trong quán nhậu.mp3,Cầm kiếm chém chết người trong quán nhậu,"Nguyễn Văn Tạo, 24 tuổi, cùng đồng phạm đến quán nhậu ở TP Nha Trang truy sát nam thanh niên, một người đàn ông thấy vậy liền can ngăn thì bị cả hai chém tử vong.",Pháp luật
https://video.vnexpress.net/dai-canh-tran-chien-cu-chi-trong-phim-dia-dao-4830631.html,Đại cảnh trận chiến Củ Chi trong phim 'Địa đạo'.mp3,Đại cảnh trận chiến Củ Chi trong phim 'Địa đạo',"""Địa đạo"" - phim chiến tranh của Bùi Thạc Chuyên, Thái Hòa đóng chính - tung đại cảnh chiến trường Củ Chi năm 1967.",Giải trí
https://video.vnexpress.net/3-meo-phoi-cardigan-ton-dang-4822971.html,3 mẹo phối cardigan tôn dáng.mp3,3 mẹo phối cardigan tôn dáng,"Dáng người quả táo nên chọn cardigan đơn giản, kết hợp các món đồ làm nổi bật phần dưới để cân bằng tỷ lệ cơ thể.",Giải trí
https://video.vnexpress.net/vay-ao-cua-vuong-phi-kate-middelton-qua-cac-le-ruoc-quan-ky-4758658.html,Váy áo của Vương phi Kate Middelton qua các Lễ rước Quân kỳ.mp3,Váy áo của Vương phi Kate Middelton qua các Lễ rước Quân kỳ,Vương phi Anh Kate Middleton ghi điểm với đầm kiểu dáng tinh tế tại Lễ rước Quân kỳ từ năm 2011 đến 2023.,Giải trí
https://video.vnexpress.net/gen-z-xep-hang-tu-dem-den-sang-cho-concert-anh-trai-say-hi-4825576.html,Gen Z xếp hàng từ đêm đến sáng chờ concert 'Anh trai say hi'.mp3,Gen Z xếp hàng từ đêm đến sáng chờ concert 'Anh trai say hi',"Fan xếp hàng dưới trời 16 độ C từ đêm trước đến hôm nay để có chỗ đứng gần sân khấu ""Anh trai say hi"" - concert sẽ diễn tối 9/12.",Giải trí
https://video.vnexpress.net/tuan-hung-va-dan-anh-trai-hat-mien-phi-tu-ban-cong-4828227.html,Tuấn Hưng và dàn 'anh trai' hát miễn phí từ ban công.mp3,Tuấn Hưng và dàn 'anh trai' hát miễn phí từ ban công,"Tuấn Hưng mời nghệ sĩ Tự Long, ca sĩ BB Trần, Kay Trần hát trên ban công nhà anh ở Hàng Khay, hút hàng nghìn khán giả, tối 15/12.",Giải trí
https://video.vnexpress.net/10-kieu-phoi-do-mua-thu-khong-loi-mot-4815253.html#vn_source=Detail_Video&vn_campaign=Box-InCategory&vn_medium=Item-26&vn_term=Desktop&vn_thumb=1&vn_aid=4825576,10 kiểu phối đồ mùa thu không lỗi mốt.mp3,10 kiểu phối đồ mùa thu không lỗi mốt,"Áo oversize, quần ống loe và giày cao gót là một trong những kiểu phối kinh điển được nhiều fashionista chọn.",Giải trí
https://video.vnexpress.net/khoanh-khac-phong-khong-israel-ban-truot-ten-lua-houthi-4830759.html#vn_source=Folder_Video_TheGioi&vn_campaign=Box-InCategory&vn_medium=Item-1&vn_term=Desktop&vn_thumb=1&vn_aid=1003005,Khoảnh khắc phòng không Israel bắn trượt tên lửa Houthi.mp3,Khoảnh khắc phòng không Israel bắn trượt tên lửa Houthi,"Video được truyền thông Israel công bố cho thấy phòng không nước này phóng loạt đạn đánh chặn, nhưng không ngăn được tên lửa Houthi đang lao xuống.",Thế giới
https://video.vnexpress.net/khoanh-khac-may-bay-han-quoc-lao-khoi-duong-bang-boc-chay-4833277.html,"Khoảnh khắc máy bay Hàn Quốc lao khỏi đường băng, bốc cháy.mp3","Khoảnh khắc máy bay Hàn Quốc lao khỏi đường băng, bốc cháy","Video trên truyền thông cho thấy máy bay Jeju Air trượt trên đường băng và lao vào tường, dẫn đến vụ cháy dữ dội, 179 người được cho là đã thiệt mạng.",Thế giới
https://video.vnexpress.net/drone-cap-quang-nga-ban-chay-loat-leopard-2-toi-tan-cua-ukraine-4826024.html,Drone cáp quang Nga bắn cháy loạt Leopard 2 tối tân của Ukraine.mp3,Drone cáp quang Nga bắn cháy loạt Leopard 2 tối tân của Ukraine,"Lực lượng Nga sử dụng drone cáp quang tập kích, phá hủy ít nhất hai xe tăng Leopard 2A6 hiện đại nhất của Ukraine đang tham chiến ở tỉnh Kursk.",Thế giới
https://video.vnexpress.net/khoanh-khac-uav-lancet-tap-kich-phao-himars-m109-ukraine-4817464.html,"Khoảnh khắc UAV Lancet tập kích pháo HIMARS, M109 Ukraine.mp3","Khoảnh khắc UAV Lancet tập kích pháo HIMARS, M109 Ukraine",Video trên Telegram cho thấy UAV Lancet Nga tấn công pháo phản lực HIMARS Ukraine đang di chuyển tại tỉnh Zaporizhzhia và pháo tự hành M109 ẩn nấp ở Donetsk.,Thế giới
https://video.vnexpress.net/nu-tro-ly-co-biet-danh-may-in-cua-ong-trump-4816279.html,Nữ trợ lý có biệt danh 'máy in' của ông Trump.mp3,Nữ trợ lý có biệt danh 'máy in' của ông Trump,"Natalie Harp, 32 tuổi, luôn theo sát ông Trump, tay xách túi đựng máy in cầm tay, pin và giấy in.",Thế giới
https://video.vnexpress.net/video-hau-truong-he-lo-cach-ong-trump-phan-bac-doi-thu-tren-mang-xa-hoi-4815897.html,Video hậu trường hé lộ cách ông Trump phản bác đối thủ trên mạng xã hội.mp3,Video hậu trường hé lộ cách ông Trump phản bác đối thủ trên mạng xã hội,Video về hậu trường tranh cử cho thấy ông Trump vừa xem truyền hình trực tiếp bài phát biểu của bà Harris vừa đưa ra phản bác để trợ lý đánh máy và chia sẻ lên mạng xã hội.,Thế giới
https://video.vnexpress.net/may-bay-co-the-den-dich-khi-chi-lo-lung-tai-cho-khong-4831446.html,Máy bay có thể đến đích khi chỉ lơ lửng tại chỗ không-.mp3,Máy bay có thể đến đích khi chỉ lơ lửng tại chỗ không?,"Trái Đất luôn tự quay từ tây sang đông, nhưng việc máy bay lơ lửng tại chỗ để chờ mặt đất bên dưới tự quay đến đích không khả thi.",Khoa học
https://video.vnexpress.net/nhung-thanh-tuu-vu-tru-cua-trung-quoc-nam-2024-4831718.html,Những thành tựu vũ trụ của Trung Quốc năm 2024.mp3,Những thành tựu vũ trụ của Trung Quốc năm 2024,"Ngoài đạt được những lần đầu tiên và kỷ lục mới, Trung Quốc năm nay còn chứng kiến sự phát triển vượt bậc của thị trường vũ trụ thương mại.",Khoa học
https://video.vnexpress.net/nha-may-dep-nhat-trung-quoc-4807187.html,Nhà máy 'đẹp nhất' Trung Quốc.mp3,Nhà máy 'đẹp nhất' Trung Quốc,"Cơ sở sản xuất dược phẩm ở tỉnh Giang Tây phát triển bền vững nhờ giữ lại thảm thực vật, khai thác năng lượng sạch và tái chế chất thải.",Khoa học
https://video.vnexpress.net/cong-nghe-ve-tinh-phuc-vu-nong-nghiep-o-trung-quoc-4796272.html,Công nghệ vệ tinh phục vụ nông nghiệp ở Trung Quốc.mp3,Công nghệ vệ tinh phục vụ nông nghiệp ở Trung Quốc,"Công nghệ vệ tinh giúp các chuyên gia theo dõi tình trạng gió, độ ẩm, côn trùng gây hại và nhiều yếu tố khác trong vùng đất nông nghiệp",Khoa học
https://video.vnexpress.net/tau-cho-hang-tu-lai-tai-trong-10-800-tan-chay-thu-nghiem-4797936.html,Tàu chở hàng tự lái tải trọng 10.800 tấn chạy thử nghiệm.mp3,Tàu chở hàng tự lái tải trọng 10.800 tấn chạy thử nghiệm,"Trung Quốc hôm 26/9 thử nghiệm thành công tàu chở hàng nặng không người lái, đánh dấu bước đột phá trong công nghệ đường sắt.",Khoa học
https://video.vnexpress.net/trung-quoc-xay-van-ly-truong-thanh-pin-mat-troi-dai-400-km-4786489.html,Trung Quốc xây 'Vạn lý trường thành' pin mặt trời dài 400 km.mp3,Trung Quốc xây 'Vạn lý trường thành' pin mặt trời dài 400 km,Hệ thống pin mặt trời trải dài 400 km với chiều rộng trung bình 5 km trên sa mạc dự kiến cung cấp điện cho hơn 300.000 người mỗi năm.,Khoa học
https://docs.google.com/spreadsheets/d/1vmXtackZlkAFDGpGOnrPY0YuiGhwRk8p11ohIolOFzY/edit?gid=0#gid=0,Biển người xô đẩy vào mua vé trận lượt về Việt Nam - Singapore.mp3,Biển người xô đẩy vào mua vé trận lượt về Việt Nam - Singapore,"Dòng người hâm mộ chen lấn, xô đẩy nhau ở trung tâm TDTT tỉnh Phú Thọ để mua vé xem trận bán kết lượt về ASEAN Cup giữa Việt Nam - Singapore, sáng 27/12.",Thể thao
https://video.vnexpress.net/tuyen-viet-nam-don-giang-sinh-tai-singapore-4831828.html,Tuyển Việt Nam đón Giáng sinh tại Singapore.mp3,Tuyển Việt Nam đón Giáng sinh tại Singapore,"Một thành viên trong ban huấn luyện đóng vai ông già Noel đi phát quà cho các cầu thủ trong đêm Giáng sinh ở Singapore, nơi đội tuyển chuẩn bị đá lượt đi bán kết ASEAN Cup.",Thể thao
https://video.vnexpress.net/90-phut-bung-no-cam-xuc-tran-viet-nam-thang-dam-myanmar-4830572.html,90 phút bùng nổ cảm xúc trận Việt Nam thắng đậm Myanmar.mp3,90 phút bùng nổ cảm xúc trận Việt Nam thắng đậm Myanmar,"Cổ động viên trên sân Việt Trì vỡ òa ăn mừng sau những bàn thắng liên tiếp của Việt Nam trước Myanmar ở lượt cuối bảng B, ASEAN Cup 2024.",Thể thao
https://video.vnexpress.net/cdv-tiep-lua-cho-tuyen-viet-nam-tren-san-viet-tri-4830533.html,CĐV tiếp lửa cho tuyển Việt Nam trên sân Việt Trì.mp3,CĐV tiếp lửa cho tuyển Việt Nam trên sân Việt Trì,"Dòng người đổ về sân Việt Trì cổ vũ cho tuyển Việt Nam gặp Myanmar với niềm tin các cầu thủ sẽ chơi áp đảo và mang về chiến thắng, tối 21/12.",Thể thao
https://video.vnexpress.net/cuoc-song-cua-anh-vien-sau-hai-nam-giai-nghe-4810026.html,Cuộc sống của Ánh Viên sau hai năm giải nghệ.mp3,Cuộc sống của Ánh Viên sau hai năm giải nghệ,"Từng là VĐV bơi lội thành công nhất trong lịch sử Việt Nam, sau hơn hai năm giải nghệ, Ánh Viên dành thời gian cho bản thân, làm mẫu quảng cáo và dạy bơi.",Thể thao
https://video.vnexpress.net/1-500-vdv-san-sang-chinh-phuc-dnse-aquaman-vietnam-4822265.html,1.500 VĐV sẵn sàng chinh phục DNSE Aquaman Vietnam.mp3,1.500 VĐV sẵn sàng chinh phục DNSE Aquaman Vietnam,"VĐV đổ về khu phát Bib, trải nghiệm các gian hàng, thử đường bơi trước khi bước vào hành trình chinh phục các cự ly bơi - chạy vào sáng 1/12.",Thể thao
https://video.vnexpress.net/nghia-khac-cua-tu-elephant-4703276.html,Nghĩa khác của từ 'elephant'.mp3,Nghĩa khác của từ 'elephant',"Elephant' nghĩa là con voi, nhưng cụm 'a white elephant' có nghĩa là ""bỏ thì thương, vương thì tội"" trong tiếng Việt.",Giáo dục
https://video.vnexpress.net/tin-tuc/giao-duc/cha-me-tiep-suc-cho-con-trong-mua-thi-4622624.html,Cha mẹ tiếp sức cho con trong mùa thi.mp3,Cha mẹ tiếp sức cho con trong mùa thi,"Những cái ôm, vẫy tay hay lời động viên của cha mẹ đã truyền động lực cho các sĩ tử trước khi vào thi tốt nghiệp THPT.",Giáo dục
https://video.vnexpress.net/sau-cach-noi-tuong-tu-i-don-t-know-4658789.html,Sáu cách nói tương tự 'I don't know'.mp3,Sáu cách nói tương tự 'I don't know',"Thầy Quang Nguyen, chuyên gia đào tạo nghe nói và phát âm tiếng Anh, hướng dẫn 6 cách diễn đạt khác ""I don't know"" khi muốn nói ""Tôi không biết"".",Giáo dục
https://video.vnexpress.net/cach-noi-tu-that-tu-nhien-4597710.html,Cách nói từ 'that' tự nhiên.mp3,Cách nói từ 'that' tự nhiên,"Thay vì nói từ ""that"" rõ ràng khiến bạn hơi vất vả, cô Moon Nguyen hướng dẫn cách nói giảm âm như người bản xứ để giao tiếp tự nhiên hơn.",Giáo dục
https://video.vnexpress.net/cach-noi-xang-dau-bang-tieng-anh-4599250.html,"Cách nói xăng, dầu bằng tiếng Anh.mp3","Cách nói xăng, dầu bằng tiếng Anh","Trong tiếng Anh, ""petroleum"" dùng để chỉ xăng dầu nói chung, nhưng để đổ xăng, người Mỹ có cách nói khác.",Giáo dục
https://video.vnexpress.net/cach-phat-am-cold-goal-va-shoulder-4575041.html,"Cách phát âm 'cold', 'goal' và 'shoulder'.mp3","Cách phát âm 'cold', 'goal' và 'shoulder'","Các từ ""cold"" (lạnh), ""goal"" (mục tiêu, khung thành) và ""shoulder"" (vai) đều chứa âm /ʊl/. Cô Moon Nguyen sẽ hướng dẫn bạn phát âm chính xác các từ này.",Giáo dục
https://video.vnexpress.net/tay-dua-lat-ngua-tren-duong-vuot-doc-4811457.html,Tay đua lật ngửa trên đường vượt dốc.mp3,Tay đua lật ngửa trên đường vượt dốc,"Nhiều tay đua bị lật ngửa xe khi vượt hàng loạt thử thách như dốc cao, chướng ngại vật, đầm lầy… tại giải đua off-road VOC 2024.",Xe
https://video.vnexpress.net/nhung-cach-giup-tre-tu-thoat-hiem-khi-bi-bo-quen-tren-xe-dua-don-4752536.html,Những cách giúp trẻ tự thoát hiểm khi bị bỏ quên trên xe đưa đón.mp3,Những cách giúp trẻ tự thoát hiểm khi bị bỏ quên trên xe đưa đón,"Khi bị bỏ quên trên xe đưa đón, trẻ em cần tiến về phía đầu xe, bấm còi, đèn cảnh báo, tự mở hoặc phá cửa để thoát ra ngoài.",Xe
https://video.vnexpress.net/xe-nu-tro-tai-tren-duong-dua-hep-quanh-co-4811631.html,"Xế nữ trổ tài trên đường đua hẹp, quanh co.mp3","Xế nữ trổ tài trên đường đua hẹp, quanh co","Trà My và Thuỳ Dương nằm trong 22 tay đua xuất sắc được tuyển chọn từ miền Bắc và miền Nam, tranh tài trên đường đua hẹp, quanh co của giải Gymkhana.",Xe
https://video.vnexpress.net/hang-tram-nguoi-lai-thu-xe-tai-trien-lam-xe-ben-vung-viet-nam-2024-4825058.html,Hàng trăm người lái thử xe tại Triển lãm xe bền vững Việt Nam 2024.mp3,Hàng trăm người lái thử xe tại Triển lãm xe bền vững Việt Nam 2024,"Khu vực đăng ký lái thử, trải nghiệm xe mới hút khách tham quan trong ngày đầu tiên Triển lãm xe bền vững Việt Nam 2024.",Xe
https://video.vnexpress.net/tau-khong-ray-duoc-de-xuat-cho-ha-noi-chay-the-nao-4736297.html,Tàu không ray được đề xuất cho Hà Nội chạy thế nào.mp3,Tàu không ray được đề xuất cho Hà Nội chạy thế nào,"Tàu ART chạy bằng bánh lốp trên đường dành riêng, sử dụng pin lithium tốc độ hành trình đạt 70-100 km/h, tàu dài 3-5 toa chở mỗi toa 100 khách.",Xe
https://video.vnexpress.net/csgt-dan-phan-quang-cho-xe-van-tai-tren-cao-toc-4721721.html,CSGT dán phản quang cho xe vận tải trên cao tốc.mp3,CSGT dán phản quang cho xe vận tải trên cao tốc,"Trên tuyến Pháp Vân - Cầu Giẽ, CSGT hỗ trợ dán phản quang vào đuôi xe cho các phương tiện vận tải hành khách để tăng nhận diện và di chuyển an toàn trong đêm.",Xe
https://video.vnexpress.net/trai-nghiem-kham-pha-nha-tho-noi-tieng-the-gioi-bang-cong-nghe-ai-4814703.html,Trải nghiệm khám phá nhà thờ nổi tiếng thế giới bằng công nghệ AI.mp3,Trải nghiệm khám phá nhà thờ nổi tiếng thế giới bằng công nghệ AI,Vương cung Thánh đường Thánh Peter được tái hiện trên môi trường số bằng 400.000 ảnh và công nghệ AI giúp người dân khắp thế giới được trải nghiệm mọi chi tiết phức tạp nhất trên web tương tác.,Số hóa
https://video.vnexpress.net/nut-camera-control-tren-iphone-16-hoat-dong-the-nao-4791453.html,Nút Camera Control trên iPhone 16 hoạt động thế nào.mp3,Nút Camera Control trên iPhone 16 hoạt động thế nào,"Camera Control vừa là nút bấm vật lý cho chức năng chụp, quay video vừa hỗ trợ cảm ứng lực để thay đổi cài đặt máy ảnh nhưng không dễ làm quen.",Số hóa
https://video.vnexpress.net/anh-gui-qua-zalo-messenger-thay-doi-dung-luong-the-nao-4808628.html,"Ảnh gửi qua Zalo, Messenger thay đổi dung lượng thế nào-.mp3","Ảnh gửi qua Zalo, Messenger thay đổi dung lượng thế nào?","Cùng một ảnh 4.240 x 2.832 pixel dung lượng 7 MB, ứng dụng Telegram, Lotus Chat có tùy chọn gửi file gốc, còn Zalo, Messenger đều nén khiến chất lượng giảm mạnh.",Số hóa
https://video.vnexpress.net/mixer-tien-ty-ban-dj-tram-trieu-tai-plase-show-2024-4816197.html,"Mixer tiền tỷ, bàn DJ trăm triệu tại Plase Show 2024.mp3","Mixer tiền tỷ, bàn DJ trăm triệu tại Plase Show 2024","Triển lãm Thiết bị Biểu diễn chuyên nghiệp (Plase Show) năm nay quy tụ loạt thiết bị chất lượng cao, bên cạnh điểm mới là các workshop chuyên sâu.",Số hóa
https://video.vnexpress.net/robot-hinh-nguoi-tien-them-mot-buoc-ra-doi-thuc-4783465.html,Robot hình người tiến thêm một bước ra đời thực.mp3,Robot hình người tiến thêm một bước ra đời thực,"Unitree Robotics, startup về robot của Trung Quốc, chuẩn bị sản xuất hàng loạt robot hình người G1 và bán với giá 16.000 USD (400 triệu đồng).",Số hóa
https://video.vnexpress.net/ba-diem-moi-tren-ung-dung-vneid-4777098.html,Ba điểm mới trên ứng dụng VNeID.mp3,Ba điểm mới trên ứng dụng VNeID,"VNeID cập nhật tính năng đăng ký xe lần đầu, đăng ký thông tin thường trú, tạm trú và liên kết tài khoản an sinh xã hội với ngân hàng.",Số hóa
https://video.vnexpress.net/du-khach-thich-thu-check-in-nha-tang-hinh-4825713.html,Du khách thích thú check-in nhà tàng hình.mp3,Du khách thích thú check-in nhà tàng hình,"Nhiều du khách ngạc nhiên, thích thú chụp ảnh cùng những ngôi nhà được vẽ tranh 3D hoà vào cảnh sắc thiên nhiên của cao nguyên đá, dọc quốc lộ 4C qua huyện Mèo Vạc.",Du lịch
https://video.vnexpress.net/tiem-pho-lam-banh-thu-cong-hut-khach-o-tp-hcm-4774243.html,Tiệm phở làm bánh thủ công hút khách ở TP HCM.mp3,Tiệm phở làm bánh thủ công hút khách ở TP HCM,"Bánh phở được tráng và cắt thủ công ngay tại quầy mở, chan nước dùng nóng hổi thơm mùi quế, hồi, tạo nét riêng cho tiệm ở quận 3, thu hút hàng trăm khách mỗi ngày.",Du lịch
https://video.vnexpress.net/khach-tay-hao-hung-trai-nghiem-choi-giang-sinh-o-ha-noi-4831683.html,Khách Tây hào hứng trải nghiệm chơi Giáng sinh ở Hà Nội.mp3,Khách Tây hào hứng trải nghiệm chơi Giáng sinh ở Hà Nội,"Nhiều du khách nước ngoài cảm nhận sự khác biệt về thời tiết, không khí đêm Giáng sinh ở Hà Nội khi hòa vào dòng người vui chơi tại nhà thờ Lớn và các tuyến phố trung tâm.",Du lịch
https://video.vnexpress.net/diem-tham-quan-vui-choi-dong-nghit-nguoi-4740451.html,"Điểm tham quan, vui chơi đông nghịt người.mp3","Điểm tham quan, vui chơi đông nghịt người","Người lớn, trẻ nhỏ đổ về các điểm tham quan, vui chơi giải trí tại Hà Nội, TP HCM cũng như nhiều tỉnh thành dù thời tiết nắng nóng, dịp nghỉ lễ 30/4.",Du lịch
https://video.vnexpress.net/cong-vien-mo-hinh-5-vi-than-khong-lo-o-da-lat-4736025.html,Công viên mô hình 5 vị thần khổng lồ ở Đà Lạt.mp3,Công viên mô hình 5 vị thần khổng lồ ở Đà Lạt,"Khu công viên chủ đề cổ tích ở TP Đà Lạt do anh Ngọc Tài xây dựng trong 8 năm, với các mô hình khổng lồ cử động, gầm gừ, thu hút nhiều khách tham quan.",Du lịch
https://video.vnexpress.net/trai-nghiem-lam-sushi-nhat-ban-o-ha-noi-4736934.html,Trải nghiệm làm sushi Nhật Bản ở Hà Nội.mp3,Trải nghiệm làm sushi Nhật Bản ở Hà Nội,"Dưới sự hướng dẫn của đầu bếp nhà hàng Nhật Bản, nhiều người Việt lần đầu được tự tay làm sushi tại triển lãm ""Tôi yêu Sushi"", ngày 21/4.",Du lịch
https://video.vnexpress.net/tin-tuc/suc-khoe/duoc-hau-giang-chung-tay-cham-soc-suc-khoe-cong-dong-4586417.html,Dược Hậu Giang chung tay chăm sóc sức khoẻ cộng đồng.mp3,Dược Hậu Giang chung tay chăm sóc sức khoẻ cộng đồng,"Ngày 18/3, Dược Hậu Giang phối hợp cùng AloBacsi tổ chức khám bệnh, phát thuốc miễn phí cho gần 1.000 bà con ở xã Vĩnh Quới, Thị xã Ngã Năm, tỉnh Sóc Trăng.",Sức khỏe
https://video.vnexpress.net/robot-ai-mot-nam-mo-thanh-cong-hon-100-ca-nao-tuy-song-4830812.html,"Robot AI một năm mổ thành công hơn 100 ca não, tủy sống.mp3","Robot AI một năm mổ thành công hơn 100 ca não, tủy sống","Robot trí tuệ nhân tạo (AI) đầu tiên được triển khai tại Bệnh viện Đa khoa Tâm Anh một năm qua hỗ trợ bác sĩ phẫu thuật thành công hơn 100 ca bệnh não, tủy sống.",Sức khỏe
https://video.vnexpress.net/5-cach-tu-nhien-de-duoi-muoi-trong-nha-3963556.html,5 cách tự nhiên để đuổi muỗi trong nhà.mp3,5 cách tự nhiên để đuổi muỗi trong nhà,"Trồng sả, bạc hà mèo, vạn thọ quanh nhà hoặc sử dụng tinh dầu sả, bạch đàn, tỏi cắt lát tạo ra mùi hương tự nhiên đuổi muỗi hiệu quả.",Sức khỏe
https://video.vnexpress.net/tin-tuc/suc-khoe/nghi-luc-cua-nguoi-phu-nu-bi-ung-thu-3975494.html,Nghị lực của người phụ nữ bị ung thư.mp3,Nghị lực của người phụ nữ bị ung thư,"Thay vì giấu bệnh, chị Vân Anh (TP HCM) đón nhận bằng cách tích cực và nhận lại bằng kết quả đầy khả quan.",Sức khỏe
https://video.vnexpress.net/thu-pham-gay-hai-cho-gan-tu-300-000-loai-nam-moc-3963068.html,Thủ phạm gây hại cho gan từ 300.000 loại nấm mốc.mp3,Thủ phạm gây hại cho gan từ 300.000 loại nấm mốc,"Nấm mốc trên đậu phộng, bắp sinh ra độc tố aflatoxin tích tụ trong cơ thể làm tổn thương gan, DNA, suy giảm hệ miễn dịch, nguy cơ ung thư.",Sức khỏe
https://video.vnexpress.net/nguy-co-suy-than-khi-thuong-nhin-tieu-3930036.html,Nguy cơ suy thận khi thường nhịn tiểu.mp3,Nguy cơ suy thận khi thường nhịn tiểu,Nín tiểu thường xuyên trong thời gian dài sẽ khiến nước tiểu quay trở lại thận gây suy thận và rối loạn hệ bài tiết.,Sức khỏe
